-- ============================================
-- MedSync Data (DML) Export
-- Generated: 2025-10-17 12:29:42
-- ============================================

USE `medsync_db`;

SET FOREIGN_KEY_CHECKS=0;

-- ============================================
-- Data for table: address (35 rows)
-- ============================================

INSERT INTO `address` (`address_id`, `address_line1`, `address_line2`, `city`, `province`, `postal_code`, `country`, `created_at`, `updated_at`) VALUES
  ('16055f2e-a340-11f0-a762-005056c00001', '456 Clinic Rd', NULL, 'Colombo 08', 'Western', '00800', 'Sri Lanka', '2025-10-07 11:10:09', '2025-10-07 11:10:09'),
  ('16208987-a340-11f0-a762-005056c00001', '789 Doc Residence', NULL, 'Colombo 07', 'Western', '00700', 'Sri Lanka', '2025-10-07 11:10:09', '2025-10-07 11:10:09'),
  ('164311a3-a9a9-11f0-afdd-005056c00001', '78 Beach View Avenue', 'Negombo', 'Negombo', 'Western', '11500', 'Sri Lanka', '2025-10-15 14:56:53', '2025-10-15 14:56:53'),
  ('1aaf38d7-a165-11f0-ba84-005056c00001', '123 Test Street', 'Unit 5A', 'Colombo', 'Western', '00100', 'Sri Lanka', '2025-10-05 02:30:05', '2025-10-05 02:30:05'),
  ('1b1de237-a34d-11f0-a762-005056c00001', '12 Flower Avenue', 'Nawala', 'Kotte', 'Western', '10100', 'Sri Lanka', '2025-10-07 12:43:21', '2025-10-07 12:43:21'),
  ('1b5cc74f-aad9-11f0-afdd-005056c00001', '45 Galle Road', 'Colombo 03', 'Colombo', 'Western', '00300', 'Sri Lanka', '2025-10-17 03:13:09', '2025-10-17 03:13:09'),
  ('22c1226d-a9a6-11f0-afdd-005056c00001', '12 Kandy Road', 'Peradeniya', 'Kandy', 'Central', '20000', 'Sri Lanka', '2025-10-15 14:35:46', '2025-10-15 14:35:46'),
  ('2963516d-aad4-11f0-afdd-005056c00001', '45 Galle Road', 'Colombo 03', 'Colombo', 'Western', '00300', 'Sri Lanka', '2025-10-17 02:37:45', '2025-10-17 02:37:45'),
  ('3abeb001-a167-11f0-ba84-005056c00001', '321 Youth Ave', NULL, 'Matara', 'Southern', '81000', 'Sri Lanka', '2025-10-05 02:45:18', '2025-10-05 02:45:18'),
  ('4e120a51-a9c0-11f0-afdd-005056c00001', '123 Hospital Road', 'Near City Center', 'Colombo', 'Western', '00100', 'Sri Lanka', '2025-10-15 17:43:05', '2025-10-15 17:43:05'),
  ('5f5c6103-a167-11f0-ba84-005056c00001', '111 Staff St', 'Apt 10', 'Colombo', 'Western', '00300', 'Sri Lanka', '2025-10-05 02:46:20', '2025-10-05 02:46:20'),
  ('64a60890-aabe-11f0-afdd-005056c00001', '87/12, RESERVOIR ROAD, MALIGAKANDA, COLOMBO 9', 'Suite', 'Colombo 09', 'Western', '00900', 'Sri Lanka', '2025-10-17 00:01:55', '2025-10-17 00:01:55'),
  ('81921012-a022-11f0-b3b5-005056c00001', '123 Galle Road', 'Colombo 03', 'Colombo', 'Western', '00300', 'Sri Lanka', '2025-10-03 12:00:51', '2025-10-03 12:00:51'),
  ('8194e2d9-a022-11f0-b3b5-005056c00001', '456 Kandy Road', 'Peradeniya', 'Kandy', 'Central', '20400', 'Sri Lanka', '2025-10-03 12:00:51', '2025-10-03 12:00:51'),
  ('8194f1d0-a022-11f0-b3b5-005056c00001', '789 Matara Road', 'Galle Fort', 'Galle', 'Southern', '80000', 'Sri Lanka', '2025-10-03 12:00:51', '2025-10-03 12:00:51'),
  ('8194f460-a022-11f0-b3b5-005056c00001', '12 Temple Street', 'Wellawatta', 'Colombo', 'Western', '00600', 'Sri Lanka', '2025-10-03 12:00:51', '2025-10-03 12:00:51'),
  ('8194f578-a022-11f0-b3b5-005056c00001', '34 Lake View Road', 'Rajagiriya', 'Colombo', 'Western', '10100', 'Sri Lanka', '2025-10-03 12:00:51', '2025-10-03 12:00:51'),
  ('8194f65d-a022-11f0-b3b5-005056c00001', '56 Hill Street', 'Kandy', 'Kandy', 'Central', '20000', 'Sri Lanka', '2025-10-03 12:00:51', '2025-10-03 12:00:51'),
  ('8194f745-a022-11f0-b3b5-005056c00001', '78 Beach Road', 'Mount Lavinia', 'Colombo', 'Western', '10370', 'Sri Lanka', '2025-10-03 12:00:51', '2025-10-03 12:00:51'),
  ('8194f81e-a022-11f0-b3b5-005056c00001', '90 Station Road', 'Gampaha', 'Gampaha', 'Western', '11000', 'Sri Lanka', '2025-10-03 12:00:51', '2025-10-03 12:00:51'),
  ('8194f91a-a022-11f0-b3b5-005056c00001', '11 Park Avenue', 'Nugegoda', 'Colombo', 'Western', '10250', 'Sri Lanka', '2025-10-03 12:00:51', '2025-10-03 12:00:51'),
  ('8194fa04-a022-11f0-b3b5-005056c00001', '22 Green Lane', 'Moratuwa', 'Colombo', 'Western', '10400', 'Sri Lanka', '2025-10-03 12:00:51', '2025-10-03 12:00:51'),
  ('8194faf9-a022-11f0-b3b5-005056c00001', '33 Doctor Lane', 'Colombo 07', 'Colombo', 'Western', '00700', 'Sri Lanka', '2025-10-03 12:00:51', '2025-10-03 12:00:51'),
  ('8194fbd4-a022-11f0-b3b5-005056c00001', '44 Hospital Road', 'Kandy', 'Kandy', 'Central', '20000', 'Sri Lanka', '2025-10-03 12:00:51', '2025-10-03 12:00:51'),
  ('8194fca8-a022-11f0-b3b5-005056c00001', '55 Medical Street', 'Galle', 'Galle', 'Southern', '80000', 'Sri Lanka', '2025-10-03 12:00:51', '2025-10-03 12:00:51'),
  ('8194ff2b-a022-11f0-b3b5-005056c00001', '66 Clinic Avenue', 'Colombo 05', 'Colombo', 'Western', '00500', 'Sri Lanka', '2025-10-03 12:00:51', '2025-10-03 12:00:51'),
  ('81950038-a022-11f0-b3b5-005056c00001', '77 Health Road', 'Peradeniya', 'Kandy', 'Central', '20400', 'Sri Lanka', '2025-10-03 12:00:51', '2025-10-03 12:00:51'),
  ('89934232-a9b7-11f0-afdd-005056c00001', '56 Hospital Lane', 'Kurunegala', 'Kurunegala', 'North Western', '60000', 'Sri Lanka', '2025-10-15 16:40:20', '2025-10-15 16:40:20'),
  ('9d26ef9d-a9b0-11f0-afdd-005056c00001', '210 Temple Road', 'Matara', 'Matara', 'Southern', '81000', 'Sri Lanka', '2025-10-15 15:50:46', '2025-10-15 15:50:46'),
  ('abfdbf25-aac6-11f0-afdd-005056c00001', '87/12, RESERVOIR ROAD, MALIGAKANDA, COLOMBO 9', 'Suite', 'Colombo 09', 'Western', '00900', 'Sri Lanka', '2025-10-17 01:01:11', '2025-10-17 01:01:11'),
  ('c322d5a1-aac9-11f0-afdd-005056c00001', '45 Galle Road', 'Colombo 03', 'Colombo', 'Western', '00300', 'Sri Lanka', '2025-10-17 01:23:18', '2025-10-17 01:23:18'),
  ('dc5a35c3-aacb-11f0-afdd-005056c00001', '45 Galle Road', 'Colombo 03', 'Colombo', 'Western', '00300', 'Sri Lanka', '2025-10-17 01:38:20', '2025-10-17 01:38:20'),
  ('e754f1a4-aabe-11f0-afdd-005056c00001', '87/12, RESERVOIR ROAD, MALIGAKANDA, COLOMBO 9', 'Suite', 'Colombo 09', 'Western', '00900', 'Sri Lanka', '2025-10-17 00:05:35', '2025-10-17 00:05:35'),
  ('e8090cc9-a9b8-11f0-afdd-005056c00001', '142 Temple Garden Road', 'Anuradhapura', 'Anuradhapura', 'North Central', '50000', 'Sri Lanka', '2025-10-15 16:50:08', '2025-10-15 16:50:08'),
  ('eb066fd4-a9be-11f0-afdd-005056c00001', '123 Hospital Road', 'Near City Center', 'Colombo', 'Western', '00100', 'Sri Lanka', '2025-10-15 17:33:10', '2025-10-15 17:33:10');

-- ============================================
-- Data for table: appointment (3 rows)
-- ============================================

INSERT INTO `appointment` (`appointment_id`, `time_slot_id`, `patient_id`, `status`, `notes`, `created_at`, `updated_at`) VALUES
  ('34d14be3-ab1d-11f0-b7a5-005056c00001', 'd55ef757-a9d5-11f0-afdd-005056c00001', '1b5cc7f8-aad9-11f0-afdd-005056c00001', 'Scheduled', '', '2025-10-17 11:20:37', '2025-10-17 11:20:37'),
  ('5c18d0ac-ab26-11f0-b7a5-005056c00001', 'd5626f68-a9d5-11f0-afdd-005056c00001', '1b5cc7f8-aad9-11f0-afdd-005056c00001', 'Scheduled', '', '2025-10-17 12:26:09', '2025-10-17 12:26:09'),
  ('60d61664-aa37-11f0-afdd-005056c00001', 'd557782e-a9d5-11f0-afdd-005056c00001', '16431244-a9a9-11f0-afdd-005056c00001', 'Completed', 'Patient completed consultation', '2025-10-16 07:55:27', '2025-10-16 08:50:21');

-- ============================================
-- Data for table: branch (3 rows)
-- ============================================

INSERT INTO `branch` (`branch_id`, `branch_name`, `contact_id`, `address_id`, `manager_id`, `is_active`, `created_at`, `updated_at`) VALUES
  ('81a3303f-a022-11f0-b3b5-005056c00001', 'MedSync Colombo', '81968904-a022-11f0-b3b5-005056c00001', '81921012-a022-11f0-b3b5-005056c00001', '81a5cb27-a022-11f0-b3b5-005056c00001', 1, '2025-10-03 12:00:51', '2025-10-03 12:00:51'),
  ('81a3347c-a022-11f0-b3b5-005056c00001', 'MedSync Kandy', '81a0446f-a022-11f0-b3b5-005056c00001', '8194e2d9-a022-11f0-b3b5-005056c00001', '81a5d173-a022-11f0-b3b5-005056c00001', 1, '2025-10-03 12:00:51', '2025-10-03 12:00:51'),
  ('81a335ef-a022-11f0-b3b5-005056c00001', 'MedSync Galle', '81a04800-a022-11f0-b3b5-005056c00001', '8194f1d0-a022-11f0-b3b5-005056c00001', '81a5d543-a022-11f0-b3b5-005056c00001', 1, '2025-10-03 12:00:51', '2025-10-03 12:00:51');

-- ============================================
-- Data for table: claim (1 rows)
-- ============================================

INSERT INTO `claim` (`claim_id`, `invoice_id`, `insurance_id`, `claim_amount`, `claim_date`, `notes`, `created_at`, `updated_at`) VALUES
  ('2b39103a-e6d4-456b-a0fa-c81f1233375d', '5a70244b-4640-4423-ba08-05269ac034d3', '62bad6a6-a9e3-11f0-afdd-005056c00001', '1.00', '2025-10-16', 'Initial Claim', '2025-10-16 11:59:24', '2025-10-16 11:59:24');

-- ============================================
-- Data for table: conditions (4 rows)
-- ============================================

INSERT INTO `conditions` (`condition_id`, `condition_category_id`, `condition_name`, `description`, `severity`, `is_active`, `created_at`, `updated_at`) VALUES
  ('81bd79ba-a022-11f0-b3b5-005056c00001', '81bc194e-a022-11f0-b3b5-005056c00001', 'Hypertension', 'High blood pressure', 'Moderate', 1, '2025-10-03 12:00:51', '2025-10-03 12:00:51'),
  ('81bd7a68-a022-11f0-b3b5-005056c00001', '81bc26e3-a022-11f0-b3b5-005056c00001', 'Diabetes Type 2', 'Insulin resistance', 'Moderate', 1, '2025-10-03 12:00:51', '2025-10-03 12:00:51'),
  ('81bd7a93-a022-11f0-b3b5-005056c00001', '81bc29ce-a022-11f0-b3b5-005056c00001', 'Asthma', 'Chronic inflammatory airway disease', 'Mild', 1, '2025-10-03 12:00:51', '2025-10-03 12:00:51'),
  ('91e65cc6-a9b4-11f0-afdd-005056c00001', '81bc194e-a022-11f0-b3b5-005056c00001', 'Hypertensions', NULL, NULL, 1, '2025-10-15 16:19:05', '2025-10-15 16:19:05');

-- ============================================
-- Data for table: conditions_category (5 rows)
-- ============================================

INSERT INTO `conditions_category` (`condition_category_id`, `category_name`, `description`, `is_active`, `created_at`, `updated_at`) VALUES
  ('81bc194e-a022-11f0-b3b5-005056c00001', 'Cardiovascular', 'Heart and blood vessel related conditions', 1, '2025-10-03 12:00:51', '2025-10-03 12:00:51'),
  ('81bc26e3-a022-11f0-b3b5-005056c00001', 'Metabolic', 'Metabolism related disorders', 1, '2025-10-03 12:00:51', '2025-10-03 12:00:51'),
  ('81bc29ce-a022-11f0-b3b5-005056c00001', 'Respiratory', 'Breathing and lung conditions', 1, '2025-10-03 12:00:51', '2025-10-03 12:00:51'),
  ('81bc2b3f-a022-11f0-b3b5-005056c00001', 'Musculoskeletal', 'Bones, muscles, and joints', 1, '2025-10-03 12:00:51', '2025-10-03 12:00:51'),
  ('81bc2dfe-a022-11f0-b3b5-005056c00001', 'Skin', 'Dermatological conditions', 1, '2025-10-03 12:00:51', '2025-10-03 12:00:51');

-- ============================================
-- Data for table: consultation_record (1 rows)
-- ============================================

INSERT INTO `consultation_record` (`consultation_rec_id`, `appointment_id`, `symptoms`, `diagnoses`, `follow_up_required`, `follow_up_date`, `created_at`, `updated_at`) VALUES
  ('beae1ccb-aa50-11f0-afdd-005056c00001', '60d61664-aa37-11f0-afdd-005056c00001', 'Fever, headache, and sore throat for 3 days', 'Upper respiratory tract infection (URTI)', 1, '2025-10-25', '2025-10-16 10:57:02', '2025-10-16 10:57:02');

-- ============================================
-- Data for table: contact (53 rows)
-- ============================================

INSERT INTO `contact` (`contact_id`, `contact_num1`, `contact_num2`, `created_at`, `updated_at`) VALUES
  ('160561b8-a340-11f0-a762-005056c00001', '+94119876543', NULL, '2025-10-07 11:10:09', '2025-10-07 11:10:09'),
  ('162089ee-a340-11f0-a762-005056c00001', '+94115556677', NULL, '2025-10-07 11:10:09', '2025-10-07 11:10:09'),
  ('164311fd-a9a9-11f0-afdd-005056c00001', '+94784561234', '+94312233445', '2025-10-15 14:56:53', '2025-10-15 14:56:53'),
  ('1aaf3ab5-a165-11f0-ba84-005056c00001', '+94771234567', '+94112345678', '2025-10-05 02:30:06', '2025-10-05 02:30:06'),
  ('1b1de2c4-a34d-11f0-a762-005056c00001', '+94779876543', '+94112876543', '2025-10-07 12:43:21', '2025-10-07 12:43:21'),
  ('1b5cc7be-aad9-11f0-afdd-005056c00001', '+94771234567', '+94112345678', '2025-10-17 03:13:09', '2025-10-17 03:13:09'),
  ('22c124f5-a9a6-11f0-afdd-005056c00001', '+94763456789', '+94812345670', '2025-10-15 14:35:46', '2025-10-15 14:35:46'),
  ('296351c6-aad4-11f0-afdd-005056c00001', '+94771234567', '+94112345678', '2025-10-17 02:37:45', '2025-10-17 02:37:45'),
  ('3abeb077-a167-11f0-ba84-005056c00001', '+94773333333', NULL, '2025-10-05 02:45:18', '2025-10-05 02:45:18'),
  ('4e120ae0-a9c0-11f0-afdd-005056c00001', '+94112345678', '+94771234567', '2025-10-15 17:43:05', '2025-10-15 17:43:05'),
  ('5f5c6184-a167-11f0-ba84-005056c00001', '+94775555555', NULL, '2025-10-05 02:46:20', '2025-10-05 02:46:20'),
  ('64a6091f-aabe-11f0-afdd-005056c00001', '+94755959596', '', '2025-10-17 00:01:55', '2025-10-17 00:01:55'),
  ('81968904-a022-11f0-b3b5-005056c00001', '+94112345001', '+94777123001', '2025-10-03 12:00:51', '2025-10-03 12:00:51'),
  ('81a0446f-a022-11f0-b3b5-005056c00001', '+94812345002', '+94777123002', '2025-10-03 12:00:51', '2025-10-03 12:00:51'),
  ('81a04800-a022-11f0-b3b5-005056c00001', '+94912345003', '+94777123003', '2025-10-03 12:00:51', '2025-10-03 12:00:51'),
  ('81a04940-a022-11f0-b3b5-005056c00001', '+94112345101', '+94777123101', '2025-10-03 12:00:51', '2025-10-03 12:00:51'),
  ('81a04a54-a022-11f0-b3b5-005056c00001', '+94112345102', '+94777123102', '2025-10-03 12:00:51', '2025-10-03 12:00:51'),
  ('81a04b5b-a022-11f0-b3b5-005056c00001', '+94112345103', '+94777123103', '2025-10-03 12:00:51', '2025-10-03 12:00:51'),
  ('81a04c5b-a022-11f0-b3b5-005056c00001', '+94112345104', '+94777123104', '2025-10-03 12:00:51', '2025-10-03 12:00:51'),
  ('81a04d45-a022-11f0-b3b5-005056c00001', '+94112345105', '+94777123105', '2025-10-03 12:00:51', '2025-10-03 12:00:51'),
  ('81a04f56-a022-11f0-b3b5-005056c00001', '+94112345106', '+94777123106', '2025-10-03 12:00:51', '2025-10-03 12:00:51'),
  ('81a05070-a022-11f0-b3b5-005056c00001', '+94112345107', '+94777123107', '2025-10-03 12:00:51', '2025-10-03 12:00:51'),
  ('81a05166-a022-11f0-b3b5-005056c00001', '+94112345108', '+94777123108', '2025-10-03 12:00:51', '2025-10-03 12:00:51'),
  ('81a05262-a022-11f0-b3b5-005056c00001', '+94112345109', '+94777123109', '2025-10-03 12:00:51', '2025-10-03 12:00:51'),
  ('81a0535a-a022-11f0-b3b5-005056c00001', '+94112345110', '+94777123110', '2025-10-03 12:00:51', '2025-10-03 12:00:51'),
  ('81a05445-a022-11f0-b3b5-005056c00001', '+94112345111', '+94777123111', '2025-10-03 12:00:51', '2025-10-03 12:00:51'),
  ('81a05536-a022-11f0-b3b5-005056c00001', '+94112345112', '+94777123112', '2025-10-03 12:00:51', '2025-10-03 12:00:51'),
  ('81a05695-a022-11f0-b3b5-005056c00001', '+94112345113', '+94777123113', '2025-10-03 12:00:51', '2025-10-03 12:00:51'),
  ('81a05790-a022-11f0-b3b5-005056c00001', '+94112345114', '+94777123114', '2025-10-03 12:00:51', '2025-10-03 12:00:51'),
  ('81a05892-a022-11f0-b3b5-005056c00001', '+94112345115', '+94777123115', '2025-10-03 12:00:51', '2025-10-03 12:00:51'),
  ('81a0597f-a022-11f0-b3b5-005056c00001', '+94112345116', '+94777123116', '2025-10-03 12:00:51', '2025-10-03 12:00:51'),
  ('81a05aa3-a022-11f0-b3b5-005056c00001', '+94112345117', '+94777123117', '2025-10-03 12:00:51', '2025-10-03 12:00:51'),
  ('81a05b97-a022-11f0-b3b5-005056c00001', '+94112345118', '+94777123118', '2025-10-03 12:00:51', '2025-10-03 12:00:51'),
  ('81a05c84-a022-11f0-b3b5-005056c00001', '+94112345119', '+94777123119', '2025-10-03 12:00:51', '2025-10-03 12:00:51'),
  ('81a05d7e-a022-11f0-b3b5-005056c00001', '+94112345120', '+94777123120', '2025-10-03 12:00:51', '2025-10-03 12:00:51'),
  ('81a05e70-a022-11f0-b3b5-005056c00001', '+94112345201', '+94777123201', '2025-10-03 12:00:51', '2025-10-03 12:00:51'),
  ('81a05f65-a022-11f0-b3b5-005056c00001', '+94112345202', '+94777123202', '2025-10-03 12:00:51', '2025-10-03 12:00:51'),
  ('81a06052-a022-11f0-b3b5-005056c00001', '+94112345203', '+94777123203', '2025-10-03 12:00:51', '2025-10-03 12:00:51'),
  ('81a06138-a022-11f0-b3b5-005056c00001', '+94112345204', '+94777123204', '2025-10-03 12:00:51', '2025-10-03 12:00:51'),
  ('81a06220-a022-11f0-b3b5-005056c00001', '+94112345205', '+94777123205', '2025-10-03 12:00:51', '2025-10-03 12:00:51'),
  ('81a06329-a022-11f0-b3b5-005056c00001', '+94112345206', '+94777123206', '2025-10-03 12:00:51', '2025-10-03 12:00:51'),
  ('81a06432-a022-11f0-b3b5-005056c00001', '+94112345207', '+94777123207', '2025-10-03 12:00:51', '2025-10-03 12:00:51'),
  ('81a06525-a022-11f0-b3b5-005056c00001', '+94112345208', '+94777123208', '2025-10-03 12:00:51', '2025-10-03 12:00:51'),
  ('81a06613-a022-11f0-b3b5-005056c00001', '+94112345209', '+94777123209', '2025-10-03 12:00:51', '2025-10-03 12:00:51'),
  ('81a06700-a022-11f0-b3b5-005056c00001', '+94112345210', '+94777123210', '2025-10-03 12:00:51', '2025-10-03 12:00:51'),
  ('899342b5-a9b7-11f0-afdd-005056c00001', '+94372233456', '+94770123456', '2025-10-15 16:40:20', '2025-10-15 16:40:20'),
  ('9d275db0-a9b0-11f0-afdd-005056c00001', '+94791239876', '+94412223344', '2025-10-15 15:50:46', '2025-10-15 15:50:46'),
  ('abfdbf78-aac6-11f0-afdd-005056c00001', '+94755959596', '', '2025-10-17 01:01:11', '2025-10-17 01:01:11'),
  ('c322d5fa-aac9-11f0-afdd-005056c00001', '+94771234567', '+94112345678', '2025-10-17 01:23:18', '2025-10-17 01:23:18'),
  ('dc5a361e-aacb-11f0-afdd-005056c00001', '+94771234567', '+94112345678', '2025-10-17 01:38:20', '2025-10-17 01:38:20'),
  ('e754f250-aabe-11f0-afdd-005056c00001', '+94755959596', '', '2025-10-17 00:05:35', '2025-10-17 00:05:35'),
  ('e8090d29-a9b8-11f0-afdd-005056c00001', '+94252233444', '+94775678901', '2025-10-15 16:50:08', '2025-10-15 16:50:08'),
  ('eb067079-a9be-11f0-afdd-005056c00001', '+94112345678', '+94771234567', '2025-10-15 17:33:10', '2025-10-15 17:33:10');

-- ============================================
-- Data for table: doctor (7 rows)
-- ============================================

INSERT INTO `doctor` (`doctor_id`, `room_no`, `medical_licence_no`, `consultation_fee`, `is_available`, `created_at`, `updated_at`) VALUES
  ('16208a35-a340-11f0-a762-005056c00001', 'R101', 'LK-MED-12345', '2500.00', 1, '2025-10-07 11:10:09', '2025-10-07 11:10:09'),
  ('81a7fd1b-a022-11f0-b3b5-005056c00001', 'C101', 'SLMC001234', '5000.00', 1, '2025-10-03 12:00:51', '2025-10-03 12:00:51'),
  ('81a80869-a022-11f0-b3b5-005056c00001', 'C102', 'SLMC001235', '5500.00', 1, '2025-10-03 12:00:51', '2025-10-03 12:00:51'),
  ('81a80cfc-a022-11f0-b3b5-005056c00001', 'K101', 'SLMC001236', '4800.00', 1, '2025-10-03 12:00:51', '2025-10-03 12:00:51'),
  ('81a81119-a022-11f0-b3b5-005056c00001', 'G101', 'SLMC001237', '4500.00', 1, '2025-10-03 12:00:51', '2025-10-03 12:00:51'),
  ('8993430c-a9b7-11f0-afdd-005056c00001', 'R204', 'LK-MED-67890', '3000.00', 1, '2025-10-15 16:40:20', '2025-10-15 16:40:20'),
  ('e8090d6f-a9b8-11f0-afdd-005056c00001', 'R118', 'LK-MED-55231', '3200.00', 1, '2025-10-15 16:50:08', '2025-10-15 16:50:08');

-- ============================================
-- Data for table: doctor_specialization (5 rows)
-- ============================================

INSERT INTO `doctor_specialization` (`doctor_id`, `specialization_id`, `certification_date`, `created_at`, `updated_at`) VALUES
  ('16208a35-a340-11f0-a762-005056c00001', '81b759cf-a022-11f0-b3b5-005056c00001', '2025-01-01', '2025-10-07 11:10:09', '2025-10-07 11:10:09'),
  ('81a7fd1b-a022-11f0-b3b5-005056c00001', '81b75050-a022-11f0-b3b5-005056c00001', '2020-05-01', '2025-10-03 12:00:51', '2025-10-03 12:00:51'),
  ('81a80869-a022-11f0-b3b5-005056c00001', '81b759cf-a022-11f0-b3b5-005056c00001', '2020-06-15', '2025-10-03 12:00:51', '2025-10-03 12:00:51'),
  ('81a80cfc-a022-11f0-b3b5-005056c00001', '81b75cfa-a022-11f0-b3b5-005056c00001', '2020-07-20', '2025-10-03 12:00:51', '2025-10-03 12:00:51'),
  ('81a81119-a022-11f0-b3b5-005056c00001', '81b767e7-a022-11f0-b3b5-005056c00001', '2020-08-10', '2025-10-03 12:00:51', '2025-10-03 12:00:51');

-- ============================================
-- Data for table: employee (17 rows)
-- ============================================

INSERT INTO `employee` (`employee_id`, `branch_id`, `role`, `salary`, `joined_date`, `end_date`, `is_active`, `created_at`, `updated_at`) VALUES
  ('16056201-a340-11f0-a762-005056c00001', '81a3303f-a022-11f0-b3b5-005056c00001', 'admin', '50000.00', '2025-01-01', NULL, 1, '2025-10-07 11:10:09', '2025-10-07 11:10:09'),
  ('16208a35-a340-11f0-a762-005056c00001', '81a3303f-a022-11f0-b3b5-005056c00001', 'doctor', '120000.00', '2025-01-01', NULL, 1, '2025-10-07 11:10:09', '2025-10-07 11:10:09'),
  ('4e120b30-a9c0-11f0-afdd-005056c00001', '81a3303f-a022-11f0-b3b5-005056c00001', 'nurse', '65000.00', '2025-01-15', NULL, 1, '2025-10-15 17:43:05', '2025-10-15 17:43:05'),
  ('5f5c61d3-a167-11f0-ba84-005056c00001', '81a3303f-a022-11f0-b3b5-005056c00001', 'nurse', '60000.00', '2024-01-15', NULL, 1, '2025-10-05 02:46:20', '2025-10-05 02:46:20'),
  ('81a5cb27-a022-11f0-b3b5-005056c00001', '81a3303f-a022-11f0-b3b5-005056c00001', 'manager', '250000.00', '2020-01-15', NULL, 1, '2025-10-03 12:00:51', '2025-10-03 12:00:51'),
  ('81a5d173-a022-11f0-b3b5-005056c00001', '81a3347c-a022-11f0-b3b5-005056c00001', 'manager', '240000.00', '2020-02-01', NULL, 1, '2025-10-03 12:00:51', '2025-10-03 12:00:51'),
  ('81a5d543-a022-11f0-b3b5-005056c00001', '81a335ef-a022-11f0-b3b5-005056c00001', 'manager', '245000.00', '2020-03-10', NULL, 1, '2025-10-03 12:00:51', '2025-10-03 12:00:51'),
  ('81a7fd1b-a022-11f0-b3b5-005056c00001', '81a3303f-a022-11f0-b3b5-005056c00001', 'doctor', '180000.00', '2021-05-01', NULL, 1, '2025-10-03 12:00:51', '2025-10-03 12:00:51'),
  ('81a80869-a022-11f0-b3b5-005056c00001', '81a3303f-a022-11f0-b3b5-005056c00001', 'doctor', '175000.00', '2021-06-15', NULL, 1, '2025-10-03 12:00:51', '2025-10-03 12:00:51'),
  ('81a80cfc-a022-11f0-b3b5-005056c00001', '81a3347c-a022-11f0-b3b5-005056c00001', 'doctor', '170000.00', '2021-07-20', NULL, 1, '2025-10-03 12:00:51', '2025-10-03 12:00:51'),
  ('81a81119-a022-11f0-b3b5-005056c00001', '81a335ef-a022-11f0-b3b5-005056c00001', 'doctor', '172000.00', '2021-08-10', NULL, 1, '2025-10-03 12:00:51', '2025-10-03 12:00:51'),
  ('81a9a2ca-a022-11f0-b3b5-005056c00001', '81a3303f-a022-11f0-b3b5-005056c00001', 'nurse', '80000.00', '2022-01-10', NULL, 1, '2025-10-03 12:00:51', '2025-10-03 12:00:51'),
  ('81a9c95c-a022-11f0-b3b5-005056c00001', '81a3347c-a022-11f0-b3b5-005056c00001', 'nurse', '78000.00', '2022-02-15', NULL, 1, '2025-10-03 12:00:51', '2025-10-03 12:00:51'),
  ('81a9cdf5-a022-11f0-b3b5-005056c00001', '81a335ef-a022-11f0-b3b5-005056c00001', 'receptionist', '60000.00', '2022-03-01', NULL, 1, '2025-10-03 12:00:51', '2025-10-03 12:00:51'),
  ('8993430c-a9b7-11f0-afdd-005056c00001', '81a3303f-a022-11f0-b3b5-005056c00001', 'doctor', '135000.00', '2024-09-10', NULL, 1, '2025-10-15 16:40:20', '2025-10-15 16:40:20'),
  ('e8090d6f-a9b8-11f0-afdd-005056c00001', '81a3303f-a022-11f0-b3b5-005056c00001', 'doctor', '148000.00', '2022-11-03', NULL, 1, '2025-10-15 16:50:08', '2025-10-15 16:50:08'),
  ('eb0670f9-a9be-11f0-afdd-005056c00001', '81a3303f-a022-11f0-b3b5-005056c00001', 'nurse', '65000.00', '2025-01-15', NULL, 1, '2025-10-15 17:33:10', '2025-10-15 17:33:10');

-- ============================================
-- Data for table: insurance (1 rows)
-- ============================================

INSERT INTO `insurance` (`insurance_id`, `patient_id`, `insurance_package_id`, `status`, `start_date`, `end_date`, `created_at`, `updated_at`) VALUES
  ('62bad6a6-a9e3-11f0-afdd-005056c00001', '16431244-a9a9-11f0-afdd-005056c00001', '0e4589c3-30a3-4f5d-8ab1-e55a5426dffc', 'Active', '2025-10-15', '2026-10-14', '2025-10-15 21:54:12', '2025-10-15 21:54:12');

-- ============================================
-- Data for table: insurance_package (1 rows)
-- ============================================

INSERT INTO `insurance_package` (`insurance_package_id`, `package_name`, `annual_limit`, `copayment_percentage`, `description`, `is_active`, `created_at`, `updated_at`) VALUES
  ('0e4589c3-30a3-4f5d-8ab1-e55a5426dffc', 'Premium Health Plan', '1500000.00', '15.00', 'Comprehensive coverage for all medical needs', 1, '2025-10-15 21:08:26', '2025-10-15 21:08:26');

-- ============================================
-- Data for table: invoice (1 rows)
-- ============================================

INSERT INTO `invoice` (`invoice_id`, `consultation_rec_id`, `sub_total`, `tax_amount`, `due_date`, `created_at`, `updated_at`) VALUES
  ('5a70244b-4640-4423-ba08-05269ac034d3', 'beae1ccb-aa50-11f0-afdd-005056c00001', '3500.00', '175.00', '2025-11-15', '2025-10-16 11:35:14', '2025-10-16 11:35:14');

-- ============================================
-- Data for table: medication (9 rows)
-- ============================================

INSERT INTO `medication` (`medication_id`, `generic_name`, `manufacturer`, `form`, `contraindications`, `side_effects`, `created_at`, `updated_at`) VALUES
  ('b0769d69-aa41-11f0-afdd-005056c00001', 'Ibuprofen', 'MediLabs', 'Capsule', 'Peptic ulcer, asthma', 'Stomach upset, dizziness', '2025-10-16 09:09:15', '2025-10-16 09:09:15'),
  ('b0798174-aa41-11f0-afdd-005056c00001', 'Losartan', 'HealthFirst', 'Tablet', 'Heart failure, kidney disease', 'Fatigue, dizziness', '2025-10-16 09:09:15', '2025-10-16 09:09:15'),
  ('b07be8de-aa41-11f0-afdd-005056c00001', 'Amoxicillin', 'BioPharma', 'Capsule', 'Hypersensitivity to penicillin', 'Diarrhea, allergic rash', '2025-10-16 09:09:15', '2025-10-16 09:09:15'),
  ('b07d7307-aa41-11f0-afdd-005056c00001', 'Metformin', 'GlucoCare', 'Tablet', 'Severe renal impairment', 'Bloating, metallic taste', '2025-10-16 09:09:15', '2025-10-16 09:09:15'),
  ('b07fa57c-aa41-11f0-afdd-005056c00001', 'Aspirin', 'Wellness Labs', 'Tablet', 'Pregnancy, active peptic ulcer', 'Heartburn, bleeding risk', '2025-10-16 09:09:15', '2025-10-16 09:09:15'),
  ('b0817130-aa41-11f0-afdd-005056c00001', 'Salbutamol', 'AeroPharm', 'Other', 'Glaucoma, severe heart disease', 'Tremor, headache', '2025-10-16 09:09:15', '2025-10-16 09:09:15'),
  ('b0832432-aa41-11f0-afdd-005056c00001', 'Atorvastatin', 'CardioMed', 'Tablet', 'Severe hepatic impairment', 'Muscle pain, fatigue', '2025-10-16 09:09:15', '2025-10-16 09:09:15'),
  ('b084d4fa-aa41-11f0-afdd-005056c00001', 'Propranolol', 'BetaCare', 'Tablet', 'Diabetes, heart block', 'Bradycardia, dizziness', '2025-10-16 09:09:15', '2025-10-16 09:09:15'),
  ('b086f4e9-aa41-11f0-afdd-005056c00001', 'Ceftriaxone', 'InjecTech', 'Injection', 'Severe kidney impairment', 'Pain at injection site, diarrhea', '2025-10-16 09:09:15', '2025-10-16 09:09:15');

-- ============================================
-- Data for table: patient (17 rows)
-- ============================================

INSERT INTO `patient` (`patient_id`, `blood_group`, `allergies`, `chronic_conditions`, `registered_branch_id`, `created_at`, `updated_at`) VALUES
  ('16431244-a9a9-11f0-afdd-005056c00001', 'B+', NULL, NULL, '81a3303f-a022-11f0-b3b5-005056c00001', '2025-10-15 14:56:53', '2025-10-15 14:56:53'),
  ('1aaf3ae2-a165-11f0-ba84-005056c00001', 'O+', NULL, NULL, '81a3303f-a022-11f0-b3b5-005056c00001', '2025-10-05 02:30:06', '2025-10-05 02:30:06'),
  ('1b1de314-a34d-11f0-a762-005056c00001', 'A-', NULL, NULL, '81a3303f-a022-11f0-b3b5-005056c00001', '2025-10-07 12:43:21', '2025-10-07 12:43:21'),
  ('1b5cc7f8-aad9-11f0-afdd-005056c00001', 'O+', NULL, NULL, '81a3303f-a022-11f0-b3b5-005056c00001', '2025-10-17 03:13:09', '2025-10-17 03:13:09'),
  ('22c12527-a9a6-11f0-afdd-005056c00001', 'A-', NULL, NULL, '81a3303f-a022-11f0-b3b5-005056c00001', '2025-10-15 14:35:46', '2025-10-15 14:35:46'),
  ('296351fe-aad4-11f0-afdd-005056c00001', 'O+', NULL, NULL, '81a3303f-a022-11f0-b3b5-005056c00001', '2025-10-17 02:37:45', '2025-10-17 02:37:45'),
  ('3abeb0cd-a167-11f0-ba84-005056c00001', 'AB+', NULL, NULL, '81a3303f-a022-11f0-b3b5-005056c00001', '2025-10-05 02:45:18', '2025-10-05 02:45:18'),
  ('64a6098c-aabe-11f0-afdd-005056c00001', 'O+', NULL, NULL, '81a335ef-a022-11f0-b3b5-005056c00001', '2025-10-17 00:01:55', '2025-10-17 00:01:55'),
  ('81ac4b2a-a022-11f0-b3b5-005056c00001', 'O+', NULL, NULL, '81a3303f-a022-11f0-b3b5-005056c00001', '2025-10-03 12:00:51', '2025-10-03 12:00:51'),
  ('81ac6531-a022-11f0-b3b5-005056c00001', 'A+', 'Penicillin', 'Hypertension', '81a3303f-a022-11f0-b3b5-005056c00001', '2025-10-03 12:00:51', '2025-10-03 12:00:51'),
  ('81ac6ed7-a022-11f0-b3b5-005056c00001', 'B+', NULL, 'Diabetes Type 2', '81a3347c-a022-11f0-b3b5-005056c00001', '2025-10-03 12:00:51', '2025-10-03 12:00:51'),
  ('81ac7636-a022-11f0-b3b5-005056c00001', 'AB+', 'Aspirin', NULL, '81a335ef-a022-11f0-b3b5-005056c00001', '2025-10-03 12:00:51', '2025-10-03 12:00:51'),
  ('9d275ddc-a9b0-11f0-afdd-005056c00001', 'AB+', NULL, NULL, '81a3303f-a022-11f0-b3b5-005056c00001', '2025-10-15 15:50:46', '2025-10-15 15:50:46'),
  ('abfdbfae-aac6-11f0-afdd-005056c00001', 'O+', NULL, NULL, '81a3303f-a022-11f0-b3b5-005056c00001', '2025-10-17 01:01:11', '2025-10-17 01:01:11'),
  ('c322d635-aac9-11f0-afdd-005056c00001', 'O+', NULL, NULL, '81a3303f-a022-11f0-b3b5-005056c00001', '2025-10-17 01:23:18', '2025-10-17 01:23:18'),
  ('dc5a3654-aacb-11f0-afdd-005056c00001', 'O+', NULL, NULL, '81a3303f-a022-11f0-b3b5-005056c00001', '2025-10-17 01:38:20', '2025-10-17 01:38:20'),
  ('e754f2cc-aabe-11f0-afdd-005056c00001', 'O+', NULL, NULL, '81a3303f-a022-11f0-b3b5-005056c00001', '2025-10-17 00:05:35', '2025-10-17 00:05:35');

-- ============================================
-- Data for table: patient_allergy (1 rows)
-- ============================================

INSERT INTO `patient_allergy` (`patient_allergy_id`, `patient_id`, `allergy_name`, `severity`, `reaction_description`, `diagnosed_date`, `is_active`, `created_at`, `updated_at`) VALUES
  ('78480f75-a9b3-11f0-afdd-005056c00001', '16431244-a9a9-11f0-afdd-005056c00001', 'Peanuts', 'Life-threatening', 'Anaphylaxis: swelling, difficulty breathing', '2025-05-15', 1, '2025-10-15 16:11:13', '2025-10-15 16:11:13');

-- ============================================
-- Data for table: patient_condition (1 rows)
-- ============================================

INSERT INTO `patient_condition` (`patient_id`, `condition_id`, `diagnosed_date`, `is_chronic`, `current_status`, `notes`, `created_at`, `updated_at`) VALUES
  ('16431244-a9a9-11f0-afdd-005056c00001', '91e65cc6-a9b4-11f0-afdd-005056c00001', '2025-06-10', 1, 'Managed', 'Blood pressure controlled with medication', '2025-10-15 16:19:05', '2025-10-15 16:19:05');

-- ============================================
-- Data for table: payment (3 rows)
-- ============================================

INSERT INTO `payment` (`payment_id`, `patient_id`, `amount_paid`, `payment_method`, `status`, `payment_date`, `notes`, `created_at`, `updated_at`) VALUES
  ('1910f5f5-6c5b-46ba-b09b-f504caac3dc7', '16431244-a9a9-11f0-afdd-005056c00001', '10000.00', 'Credit Card', 'Pending', '2024-10-17', 'Full payment for consultation and treatment', '2025-10-16 11:14:22', '2025-10-16 11:14:22'),
  ('3157751d-a7c3-4a8c-9228-d94bc5eab9d0', '16431244-a9a9-11f0-afdd-005056c00001', '5000.00', 'Credit Card', 'Pending', '2024-10-16', 'Full payment for consultation and treatment', '2025-10-16 11:13:12', '2025-10-16 11:13:12'),
  ('393fbb18-e9f0-4a15-9fab-28ad25bb034c', '16431244-a9a9-11f0-afdd-005056c00001', '5000.00', 'Credit Card', 'Pending', '2024-10-16', 'Full payment for consultation and treatment', '2025-10-16 11:13:14', '2025-10-16 11:13:14');

-- ============================================
-- Data for table: prescription_item (1 rows)
-- ============================================

INSERT INTO `prescription_item` (`prescription_item_id`, `medication_id`, `consultation_rec_id`, `dosage`, `frequency`, `duration_days`, `instructions`, `created_at`, `updated_at`) VALUES
  ('beb36319-aa50-11f0-afdd-005056c00001', 'b0769d69-aa41-11f0-afdd-005056c00001', 'beae1ccb-aa50-11f0-afdd-005056c00001', '500mg', 'Twice daily', 7, 'Take with food', '2025-10-16 10:57:02', '2025-10-16 10:57:02');

-- ============================================
-- Data for table: specialization (5 rows)
-- ============================================

INSERT INTO `specialization` (`specialization_id`, `specialization_title`, `other_details`, `created_at`, `updated_at`) VALUES
  ('81b75050-a022-11f0-b3b5-005056c00001', 'General Medicine', 'General practice and primary care', '2025-10-03 12:00:51', '2025-10-03 12:00:51'),
  ('81b759cf-a022-11f0-b3b5-005056c00001', 'Cardiology', 'Heart and cardiovascular diseases', '2025-10-03 12:00:51', '2025-10-03 12:00:51'),
  ('81b75cfa-a022-11f0-b3b5-005056c00001', 'Pediatrics', 'Medical care for infants, children, and adolescents', '2025-10-03 12:00:51', '2025-10-03 12:00:51'),
  ('81b767e7-a022-11f0-b3b5-005056c00001', 'Dermatology', 'Skin, hair, and nail conditions', '2025-10-03 12:00:51', '2025-10-03 12:00:51'),
  ('81b769b8-a022-11f0-b3b5-005056c00001', 'Orthopedics', 'Musculoskeletal system disorders', '2025-10-03 12:00:51', '2025-10-03 12:00:51');

-- ============================================
-- Data for table: time_slot (4 rows)
-- ============================================

INSERT INTO `time_slot` (`time_slot_id`, `doctor_id`, `branch_id`, `available_date`, `is_booked`, `start_time`, `end_time`, `created_at`, `updated_at`) VALUES
  ('d557782e-a9d5-11f0-afdd-005056c00001', '16208a35-a340-11f0-a762-005056c00001', '81a3303f-a022-11f0-b3b5-005056c00001', '2025-10-20', 1, '9:00:00', '9:30:00', '2025-10-15 20:17:12', '2025-10-16 07:55:27'),
  ('d55ef757-a9d5-11f0-afdd-005056c00001', '16208a35-a340-11f0-a762-005056c00001', '81a3303f-a022-11f0-b3b5-005056c00001', '2025-10-20', 1, '9:30:00', '10:00:00', '2025-10-15 20:17:12', '2025-10-17 11:20:37'),
  ('d56071d5-a9d5-11f0-afdd-005056c00001', '16208a35-a340-11f0-a762-005056c00001', '81a3303f-a022-11f0-b3b5-005056c00001', '2025-10-20', 0, '10:00:00', '10:30:00', '2025-10-15 20:17:12', '2025-10-15 20:17:12'),
  ('d5626f68-a9d5-11f0-afdd-005056c00001', '16208a35-a340-11f0-a762-005056c00001', '81a3303f-a022-11f0-b3b5-005056c00001', '2025-10-21', 1, '9:00:00', '9:30:00', '2025-10-15 20:17:12', '2025-10-17 12:26:09');

-- ============================================
-- Data for table: treatment (1 rows)
-- ============================================

INSERT INTO `treatment` (`treatment_id`, `consultation_rec_id`, `treatment_service_code`, `notes`, `created_at`, `updated_at`) VALUES
  ('beb46c4b-aa50-11f0-afdd-005056c00001', 'beae1ccb-aa50-11f0-afdd-005056c00001', '63631803-d204-4395-8bbd-d2c44c2d3101', 'Blood test ordered', '2025-10-16 10:57:02', '2025-10-16 10:57:02');

-- ============================================
-- Data for table: treatment_catalogue (2 rows)
-- ============================================

INSERT INTO `treatment_catalogue` (`treatment_service_code`, `treatment_name`, `base_price`, `duration`, `description`, `created_at`, `updated_at`) VALUES
  ('63631803-d204-4395-8bbd-d2c44c2d3101', 'ECG Test', '1000.00', '0:15:00', 'Electrocardiogram test', '2025-10-16 10:43:10', '2025-10-16 10:43:10'),
  ('a49846a2-f027-481b-a5cd-6f433fa06338', 'X-Ray Chest', '1500.00', '0:20:00', 'Chest X-ray examination', '2025-10-16 10:43:10', '2025-10-16 10:43:10');

-- ============================================
-- Data for table: user (50 rows)
-- ============================================

INSERT INTO `user` (`user_id`, `address_id`, `user_type`, `full_name`, `NIC`, `email`, `gender`, `DOB`, `contact_id`, `password_hash`, `last_login`, `created_at`, `updated_at`) VALUES
  ('16056201-a340-11f0-a762-005056c00001', '16055f2e-a340-11f0-a762-005056c00001', 'employee', 'Bob Admin', '198001234567', 'bob.admin@clinic.com', 'Male', '1980-03-10', '160561b8-a340-11f0-a762-005056c00001', '$2b$12$...', NULL, '2025-10-07 11:10:09', '2025-10-07 11:10:09'),
  ('16208a35-a340-11f0-a762-005056c00001', '16208987-a340-11f0-a762-005056c00001', 'employee', 'Dr. Eva Wickramasinghe', '197501234567', 'dr.eva@clinic.com', 'Female', '1975-01-20', '162089ee-a340-11f0-a762-005056c00001', '$2b$12$...', NULL, '2025-10-07 11:10:09', '2025-10-07 11:10:09'),
  ('16431244-a9a9-11f0-afdd-005056c00001', '164311a3-a9a9-11f0-afdd-005056c00001', 'patient', 'Sachini Jayasinghe', '199523456789', 'sachini.jayasinghe@example.com', 'Female', '1995-03-08', '164311fd-a9a9-11f0-afdd-005056c00001', '1c31caf0e842905aca9a922b834f81f542212da6d5f256be6da1e9e9b875160e', NULL, '2025-10-15 14:56:53', '2025-10-15 14:56:53'),
  ('1aaf3ae2-a165-11f0-ba84-005056c00001', '1aaf38d7-a165-11f0-ba84-005056c00001', 'patient', 'Test Patient One', '199012345678', 'testpatient1@test.com', 'Male', '1990-05-15', '1aaf3ab5-a165-11f0-ba84-005056c00001', '$2b$12$testhash1', NULL, '2025-10-05 02:30:06', '2025-10-05 02:30:06'),
  ('1b1de314-a34d-11f0-a762-005056c00001', '1b1de237-a34d-11f0-a762-005056c00001', 'patient', 'Alice Perera', '850123456789', 'alice.perera@healthmail.com', 'Female', '1985-11-22', '1b1de2c4-a34d-11f0-a762-005056c00001', '98a0a04c5d11b4e5d1e0627f87d94fa80aecd65aebf922443b6c1c588065f07a', NULL, '2025-10-07 12:43:21', '2025-10-07 12:43:21'),
  ('1b5cc7f8-aad9-11f0-afdd-005056c00001', '1b5cc74f-aad9-11f0-afdd-005056c00001', 'patient', 'John Doe', '199012345678BD', 'johndoe4@gmail.com', 'Male', '1990-05-15', '1b5cc7be-aad9-11f0-afdd-005056c00001', 'ac9689e2272427085e35b9d3e3e8bed88cb3434828b43b86fc0596cad4c6e270', NULL, '2025-10-17 03:13:09', '2025-10-17 03:13:09'),
  ('22c12527-a9a6-11f0-afdd-005056c00001', '22c1226d-a9a6-11f0-afdd-005056c00001', 'patient', 'Nuwan Perera', '198745678912', 'nuwan.perera@example.com', 'Male', '1987-11-22', '22c124f5-a9a6-11f0-afdd-005056c00001', '0b0d3ac254a5434fc80977a6e29b5f17f774dd2d488e168661d313d31ad476db', NULL, '2025-10-15 14:35:46', '2025-10-15 14:35:46'),
  ('296351fe-aad4-11f0-afdd-005056c00001', '2963516d-aad4-11f0-afdd-005056c00001', 'patient', 'John Doe', '199012345678BC', 'johndoe3@gmail.com', 'Male', '1990-05-15', '296351c6-aad4-11f0-afdd-005056c00001', 'ac9689e2272427085e35b9d3e3e8bed88cb3434828b43b86fc0596cad4c6e270', NULL, '2025-10-17 02:37:45', '2025-10-17 02:37:45'),
  ('3abeb0cd-a167-11f0-ba84-005056c00001', '3abeb001-a167-11f0-ba84-005056c00001', 'patient', 'Test Minor', '201012345678', 'testminor@test.com', 'Male', '2010-01-01', '3abeb077-a167-11f0-ba84-005056c00001', '$2b$12$testhash4', NULL, '2025-10-05 02:45:18', '2025-10-05 02:45:18'),
  ('4e120b30-a9c0-11f0-afdd-005056c00001', '4e120a51-a9c0-11f0-afdd-005056c00001', 'employee', 'Sarah Johnson', '1990123456782', 'sarah.johnson@clinicd.com', 'Female', '1990-05-15', '4e120ae0-a9c0-11f0-afdd-005056c00001', '82b6314e99311ded1792a20c3dbfd040d644382846394d3b7cc77e6d1d0ec12a', NULL, '2025-10-15 17:43:05', '2025-10-15 17:43:05'),
  ('5f5c61d3-a167-11f0-ba84-005056c00001', '5f5c6103-a167-11f0-ba84-005056c00001', 'employee', 'Test Nurse One', '198512345678', 'testnurse1@test.com', 'Female', '1985-06-15', '5f5c6184-a167-11f0-ba84-005056c00001', '$2b$12$testhash6', NULL, '2025-10-05 02:46:20', '2025-10-05 02:46:20'),
  ('64a6098c-aabe-11f0-afdd-005056c00001', '64a60890-aabe-11f0-afdd-005056c00001', 'patient', 'Dhanapalage Himath Nimpura Dhanapala', '200307310230', 'himath.nimpura@gmail.com', 'Male', '2003-03-13', '64a6091f-aabe-11f0-afdd-005056c00001', '26c9e0742dc8b2607e22f2daa78c2265019f7d5902f3cb6db5c4f3755e677bab', NULL, '2025-10-17 00:01:55', '2025-10-17 00:01:55'),
  ('81a5cb27-a022-11f0-b3b5-005056c00001', '8194faf9-a022-11f0-b3b5-005056c00001', 'employee', 'Dr. Samantha Perera', '198501234567', 'samantha.perera@medsync.lk', 'Female', '1985-05-15', '81a05e70-a022-11f0-b3b5-005056c00001', '$2b$12$LQv3c1yqBWVHxkd0LHAkCOYz6TtxMQJqhN8/LewY5NU7K8IVKMGe6', NULL, '2025-10-03 12:00:51', '2025-10-03 12:00:51'),
  ('81a5d173-a022-11f0-b3b5-005056c00001', '8194fbd4-a022-11f0-b3b5-005056c00001', 'employee', 'Dr. Nimal Silva', '198201234568', 'nimal.silva@medsync.lk', 'Male', '1982-08-22', '81a05f65-a022-11f0-b3b5-005056c00001', '$2b$12$LQv3c1yqBWVHxkd0LHAkCOYz6TtxMQJqhN8/LewY5NU7K8IVKMGe6', NULL, '2025-10-03 12:00:51', '2025-10-03 12:00:51'),
  ('81a5d543-a022-11f0-b3b5-005056c00001', '8194fca8-a022-11f0-b3b5-005056c00001', 'employee', 'Dr. Chamari Fernando', '198701234569', 'chamari.fernando@medsync.lk', 'Female', '1987-12-10', '81a06052-a022-11f0-b3b5-005056c00001', '$2b$12$LQv3c1yqBWVHxkd0LHAkCOYz6TtxMQJqhN8/LewY5NU7K8IVKMGe6', NULL, '2025-10-03 12:00:51', '2025-10-03 12:00:51'),
  ('81a7fd1b-a022-11f0-b3b5-005056c00001', '8194ff2b-a022-11f0-b3b5-005056c00001', 'employee', 'Dr. Kasun Rajapaksha', '199001234570', 'kasun.rajapaksha@medsync.lk', 'Male', '1990-03-15', '81a06138-a022-11f0-b3b5-005056c00001', '$2b$12$LQv3c1yqBWVHxkd0LHAkCOYz6TtxMQJqhN8/LewY5NU7K8IVKMGe6', NULL, '2025-10-03 12:00:51', '2025-10-03 12:00:51'),
  ('81a80869-a022-11f0-b3b5-005056c00001', '81950038-a022-11f0-b3b5-005056c00001', 'employee', 'Dr. Priya Jayawardena', '199201234571', 'priya.jayawardena@medsync.lk', 'Female', '1992-07-20', '81a06220-a022-11f0-b3b5-005056c00001', '$2b$12$LQv3c1yqBWVHxkd0LHAkCOYz6TtxMQJqhN8/LewY5NU7K8IVKMGe6', NULL, '2025-10-03 12:00:51', '2025-10-03 12:00:51'),
  ('81a80cfc-a022-11f0-b3b5-005056c00001', '8194faf9-a022-11f0-b3b5-005056c00001', 'employee', 'Dr. Rohan Wickramasinghe', '198801234572', 'rohan.wickramasinghe@medsync.lk', 'Male', '1988-11-05', '81a06329-a022-11f0-b3b5-005056c00001', '$2b$12$LQv3c1yqBWVHxkd0LHAkCOYz6TtxMQJqhN8/LewY5NU7K8IVKMGe6', NULL, '2025-10-03 12:00:51', '2025-10-03 12:00:51'),
  ('81a81119-a022-11f0-b3b5-005056c00001', '8194fbd4-a022-11f0-b3b5-005056c00001', 'employee', 'Dr. Dilini Gunasekara', '199301234573', 'dilini.gunasekara@medsync.lk', 'Female', '1993-04-18', '81a06432-a022-11f0-b3b5-005056c00001', '$2b$12$LQv3c1yqBWVHxkd0LHAkCOYz6TtxMQJqhN8/LewY5NU7K8IVKMGe6', NULL, '2025-10-03 12:00:51', '2025-10-03 12:00:51'),
  ('81a9a2ca-a022-11f0-b3b5-005056c00001', '8194fca8-a022-11f0-b3b5-005056c00001', 'employee', 'Nimali Wijesinghe', '199501234574', 'nimali.wijesinghe@medsync.lk', 'Female', '1995-06-25', '81a06525-a022-11f0-b3b5-005056c00001', '$2b$12$LQv3c1yqBWVHxkd0LHAkCOYz6TtxMQJqhN8/LewY5NU7K8IVKMGe6', NULL, '2025-10-03 12:00:51', '2025-10-03 12:00:51'),
  ('81a9c95c-a022-11f0-b3b5-005056c00001', '8194ff2b-a022-11f0-b3b5-005056c00001', 'employee', 'Sanduni Amarasinghe', '199601234575', 'sanduni.amarasinghe@medsync.lk', 'Female', '1996-09-12', '81a06613-a022-11f0-b3b5-005056c00001', '$2b$12$LQv3c1yqBWVHxkd0LHAkCOYz6TtxMQJqhN8/LewY5NU7K8IVKMGe6', NULL, '2025-10-03 12:00:51', '2025-10-03 12:00:51'),
  ('81a9cdf5-a022-11f0-b3b5-005056c00001', '81950038-a022-11f0-b3b5-005056c00001', 'employee', 'Kavinda Dissanayake', '199401234576', 'kavinda.dissanayake@medsync.lk', 'Male', '1994-02-28', '81a06700-a022-11f0-b3b5-005056c00001', '$2b$12$LQv3c1yqBWVHxkd0LHAkCOYz6TtxMQJqhN8/LewY5NU7K8IVKMGe6', NULL, '2025-10-03 12:00:51', '2025-10-03 12:00:51'),
  ('81ac4b2a-a022-11f0-b3b5-005056c00001', '8194f460-a022-11f0-b3b5-005056c00001', 'patient', 'Amara Bandara', '198801234501', 'amara.bandara@email.com', 'Male', '1988-03-14', '81a04940-a022-11f0-b3b5-005056c00001', '$2b$12$LQv3c1yqBWVHxkd0LHAkCOYz6TtxMQJqhN8/LewY5NU7K8IVKMGe6', NULL, '2025-10-03 12:00:51', '2025-10-03 12:00:51'),
  ('81ac6531-a022-11f0-b3b5-005056c00001', '8194f578-a022-11f0-b3b5-005056c00001', 'patient', 'Tharushi De Silva', '199201234502', 'tharushi.desilva@email.com', 'Female', '1992-07-22', '81a04a54-a022-11f0-b3b5-005056c00001', '$2b$12$LQv3c1yqBWVHxkd0LHAkCOYz6TtxMQJqhN8/LewY5NU7K8IVKMGe6', NULL, '2025-10-03 12:00:51', '2025-10-03 12:00:51'),
  ('81ac6ed7-a022-11f0-b3b5-005056c00001', '8194f65d-a022-11f0-b3b5-005056c00001', 'patient', 'Kavindu Jayasinghe', '199501234503', 'kavindu.jayasinghe@email.com', 'Male', '1995-11-08', '81a04b5b-a022-11f0-b3b5-005056c00001', '$2b$12$LQv3c1yqBWVHxkd0LHAkCOYz6TtxMQJqhN8/LewY5NU7K8IVKMGe6', NULL, '2025-10-03 12:00:51', '2025-10-03 12:00:51'),
  ('81ac7636-a022-11f0-b3b5-005056c00001', '8194f745-a022-11f0-b3b5-005056c00001', 'patient', 'Nethmi Samaraweera', '199801234504', 'nethmi.samaraweera@email.com', 'Female', '1998-05-17', '81a04c5b-a022-11f0-b3b5-005056c00001', '$2b$12$LQv3c1yqBWVHxkd0LHAkCOYz6TtxMQJqhN8/LewY5NU7K8IVKMGe6', NULL, '2025-10-03 12:00:51', '2025-10-03 12:00:51'),
  ('81ac7e37-a022-11f0-b3b5-005056c00001', '8194f81e-a022-11f0-b3b5-005056c00001', 'patient', 'Dinesh Fernando', '198501234505', 'dinesh.fernando@email.com', 'Male', '1985-09-30', '81a04d45-a022-11f0-b3b5-005056c00001', '$2b$12$LQv3c1yqBWVHxkd0LHAkCOYz6TtxMQJqhN8/LewY5NU7K8IVKMGe6', NULL, '2025-10-03 12:00:51', '2025-10-03 12:00:51'),
  ('81ac8465-a022-11f0-b3b5-005056c00001', '8194f91a-a022-11f0-b3b5-005056c00001', 'patient', 'Sandali Perera', '199001234506', 'sandali.perera@email.com', 'Female', '1990-12-25', '81a04f56-a022-11f0-b3b5-005056c00001', '$2b$12$LQv3c1yqBWVHxkd0LHAkCOYz6TtxMQJqhN8/LewY5NU7K8IVKMGe6', NULL, '2025-10-03 12:00:51', '2025-10-03 12:00:51'),
  ('81ac8a0c-a022-11f0-b3b5-005056c00001', '8194fa04-a022-11f0-b3b5-005056c00001', 'patient', 'Ravindu Silva', '199301234507', 'ravindu.silva@email.com', 'Male', '1993-04-12', '81a05070-a022-11f0-b3b5-005056c00001', '$2b$12$LQv3c1yqBWVHxkd0LHAkCOYz6TtxMQJqhN8/LewY5NU7K8IVKMGe6', NULL, '2025-10-03 12:00:51', '2025-10-03 12:00:51'),
  ('81ac8e87-a022-11f0-b3b5-005056c00001', '8194f460-a022-11f0-b3b5-005056c00001', 'patient', 'Ishara Gamage', '199601234508', 'ishara.gamage@email.com', 'Female', '1996-08-19', '81a05166-a022-11f0-b3b5-005056c00001', '$2b$12$LQv3c1yqBWVHxkd0LHAkCOYz6TtxMQJqhN8/LewY5NU7K8IVKMGe6', NULL, '2025-10-03 12:00:51', '2025-10-03 12:00:51'),
  ('81ac9bc8-a022-11f0-b3b5-005056c00001', '8194f578-a022-11f0-b3b5-005056c00001', 'patient', 'Lakshan Wijewardena', '198201234509', 'lakshan.wijewardena@email.com', 'Male', '1982-01-07', '81a05262-a022-11f0-b3b5-005056c00001', '$2b$12$LQv3c1yqBWVHxkd0LHAkCOYz6TtxMQJqhN8/LewY5NU7K8IVKMGe6', NULL, '2025-10-03 12:00:51', '2025-10-03 12:00:51'),
  ('81aca69b-a022-11f0-b3b5-005056c00001', '8194f65d-a022-11f0-b3b5-005056c00001', 'patient', 'Malsha Rathnayake', '199901234510', 'malsha.rathnayake@email.com', 'Female', '1999-10-03', '81a0535a-a022-11f0-b3b5-005056c00001', '$2b$12$LQv3c1yqBWVHxkd0LHAkCOYz6TtxMQJqhN8/LewY5NU7K8IVKMGe6', NULL, '2025-10-03 12:00:51', '2025-10-03 12:00:51'),
  ('81acad6c-a022-11f0-b3b5-005056c00001', '8194f745-a022-11f0-b3b5-005056c00001', 'patient', 'Prasad Mendis', '198701234511', 'prasad.mendis@email.com', 'Male', '1987-06-15', '81a05445-a022-11f0-b3b5-005056c00001', '$2b$12$LQv3c1yqBWVHxkd0LHAkCOYz6TtxMQJqhN8/LewY5NU7K8IVKMGe6', NULL, '2025-10-03 12:00:51', '2025-10-03 12:00:51'),
  ('81acb6d3-a022-11f0-b3b5-005056c00001', '8194f81e-a022-11f0-b3b5-005056c00001', 'patient', 'Dulani Hewage', '199401234512', 'dulani.hewage@email.com', 'Female', '1994-02-28', '81a05536-a022-11f0-b3b5-005056c00001', '$2b$12$LQv3c1yqBWVHxkd0LHAkCOYz6TtxMQJqhN8/LewY5NU7K8IVKMGe6', NULL, '2025-10-03 12:00:51', '2025-10-03 12:00:51'),
  ('81acbe3e-a022-11f0-b3b5-005056c00001', '8194f91a-a022-11f0-b3b5-005056c00001', 'patient', 'Nuwan Kumara', '199101234513', 'nuwan.kumara@email.com', 'Male', '1991-11-20', '81a05695-a022-11f0-b3b5-005056c00001', '$2b$12$LQv3c1yqBWVHxkd0LHAkCOYz6TtxMQJqhN8/LewY5NU7K8IVKMGe6', NULL, '2025-10-03 12:00:51', '2025-10-03 12:00:51'),
  ('81acc5c7-a022-11f0-b3b5-005056c00001', '8194fa04-a022-11f0-b3b5-005056c00001', 'patient', 'Sachini Wickramasinghe', '199701234514', 'sachini.wickramasinghe@email.com', 'Female', '1997-05-09', '81a05790-a022-11f0-b3b5-005056c00001', '$2b$12$LQv3c1yqBWVHxkd0LHAkCOYz6TtxMQJqhN8/LewY5NU7K8IVKMGe6', NULL, '2025-10-03 12:00:51', '2025-10-03 12:00:51'),
  ('81accca6-a022-11f0-b3b5-005056c00001', '8194f460-a022-11f0-b3b5-005056c00001', 'patient', 'Chaminda Rajapaksha', '198601234515', 'chaminda.rajapaksha@email.com', 'Male', '1986-09-04', '81a05892-a022-11f0-b3b5-005056c00001', '$2b$12$LQv3c1yqBWVHxkd0LHAkCOYz6TtxMQJqhN8/LewY5NU7K8IVKMGe6', NULL, '2025-10-03 12:00:51', '2025-10-03 12:00:51'),
  ('81acd380-a022-11f0-b3b5-005056c00001', '8194f578-a022-11f0-b3b5-005056c00001', 'patient', 'Anusha Jayawardena', '199101234516', 'anusha.jayawardena@email.com', 'Female', '1991-03-21', '81a0597f-a022-11f0-b3b5-005056c00001', '$2b$12$LQv3c1yqBWVHxkd0LHAkCOYz6TtxMQJqhN8/LewY5NU7K8IVKMGe6', NULL, '2025-10-03 12:00:51', '2025-10-03 12:00:51'),
  ('81acdc90-a022-11f0-b3b5-005056c00001', '8194f65d-a022-11f0-b3b5-005056c00001', 'patient', 'Thilina Gunasekara', '199501234517', 'thilina.gunasekara@email.com', 'Male', '1995-07-16', '81a05aa3-a022-11f0-b3b5-005056c00001', '$2b$12$LQv3c1yqBWVHxkd0LHAkCOYz6TtxMQJqhN8/LewY5NU7K8IVKMGe6', NULL, '2025-10-03 12:00:51', '2025-10-03 12:00:51'),
  ('81ace3ca-a022-11f0-b3b5-005056c00001', '8194f745-a022-11f0-b3b5-005056c00001', 'patient', 'Harini Dissanayake', '199801234518', 'harini.dissanayake@email.com', 'Female', '1998-12-08', '81a05b97-a022-11f0-b3b5-005056c00001', '$2b$12$LQv3c1yqBWVHxkd0LHAkCOYz6TtxMQJqhN8/LewY5NU7K8IVKMGe6', NULL, '2025-10-03 12:00:51', '2025-10-03 12:00:51'),
  ('81aceb0e-a022-11f0-b3b5-005056c00001', '8194f81e-a022-11f0-b3b5-005056c00001', 'patient', 'Janaka Senanayake', '198401234519', 'janaka.senanayake@email.com', 'Male', '1984-08-11', '81a05c84-a022-11f0-b3b5-005056c00001', '$2b$12$LQv3c1yqBWVHxkd0LHAkCOYz6TtxMQJqhN8/LewY5NU7K8IVKMGe6', NULL, '2025-10-03 12:00:51', '2025-10-03 12:00:51'),
  ('81acf2a1-a022-11f0-b3b5-005056c00001', '8194f91a-a022-11f0-b3b5-005056c00001', 'patient', 'Chathurika Bandara', '199201234520', 'chathurika.bandara@email.com', 'Female', '1992-04-27', '81a05d7e-a022-11f0-b3b5-005056c00001', '$2b$12$LQv3c1yqBWVHxkd0LHAkCOYz6TtxMQJqhN8/LewY5NU7K8IVKMGe6', NULL, '2025-10-03 12:00:51', '2025-10-03 12:00:51'),
  ('8993430c-a9b7-11f0-afdd-005056c00001', '89934232-a9b7-11f0-afdd-005056c00001', 'employee', 'Dr. Kasun Jayawardena', '198045678912', 'dr.kasun@medmail.com', 'Male', '1980-10-20', '899342b5-a9b7-11f0-afdd-005056c00001', '3ccb53f9a5095e53260da5f21800c243d09c3e99209375be671164ea67185883', NULL, '2025-10-15 16:40:20', '2025-10-15 16:40:20'),
  ('9d275ddc-a9b0-11f0-afdd-005056c00001', '9d26ef9d-a9b0-11f0-afdd-005056c00001', 'patient', 'Ranil Weerasinghe', '198212345678', 'ranil.weerasinghe@example.com', 'Male', '1982-09-14', '9d275db0-a9b0-11f0-afdd-005056c00001', '7d34fdac76109daad867f8fad6fdc4a34b626f340ec9800ef15b6613a02cf23c', NULL, '2025-10-15 15:50:46', '2025-10-15 15:50:46'),
  ('abfdbfae-aac6-11f0-afdd-005056c00001', 'abfdbf25-aac6-11f0-afdd-005056c00001', 'patient', 'Dhanapalage Himath Nimpura Dhanapala', '2003m7310230', 'himathavengers@gmail.com', 'Male', '2003-01-02', 'abfdbf78-aac6-11f0-afdd-005056c00001', '15e2b0d3c33891ebb0f1ef609ec419420c20e320ce94c65fbc8c3312448eb225', NULL, '2025-10-17 01:01:11', '2025-10-17 01:01:11'),
  ('c322d635-aac9-11f0-afdd-005056c00001', 'c322d5a1-aac9-11f0-afdd-005056c00001', 'patient', 'John Doe', '199012345678B', 'johndoe@gmail.com', 'Male', '1990-05-15', 'c322d5fa-aac9-11f0-afdd-005056c00001', '15e2b0d3c33891ebb0f1ef609ec419420c20e320ce94c65fbc8c3312448eb225', NULL, '2025-10-17 01:23:18', '2025-10-17 01:23:18'),
  ('dc5a3654-aacb-11f0-afdd-005056c00001', 'dc5a35c3-aacb-11f0-afdd-005056c00001', 'patient', 'John Doe', '199012345678BA', 'johndoes@gmail.com', 'Male', '1990-05-15', 'dc5a361e-aacb-11f0-afdd-005056c00001', '15e2b0d3c33891ebb0f1ef609ec419420c20e320ce94c65fbc8c3312448eb225', NULL, '2025-10-17 01:38:20', '2025-10-17 01:38:20'),
  ('e754f2cc-aabe-11f0-afdd-005056c00001', 'e754f1a4-aabe-11f0-afdd-005056c00001', 'patient', 'Dhanapalage Himath Nimpura Dhanapala', '200307310231', 'himathavenger@gmail.com', 'Male', '2003-01-02', 'e754f250-aabe-11f0-afdd-005056c00001', 'ac9689e2272427085e35b9d3e3e8bed88cb3434828b43b86fc0596cad4c6e270', NULL, '2025-10-17 00:05:35', '2025-10-17 00:05:35'),
  ('e8090d6f-a9b8-11f0-afdd-005056c00001', 'e8090cc9-a9b8-11f0-afdd-005056c00001', 'doctor', 'Dr. Nalaka Ranasinghe', '197945678901', 'dr.nalaka@medmail.com', 'Male', '1979-07-05', 'e8090d29-a9b8-11f0-afdd-005056c00001', '1a89323abed194903bb51fd9a06000e73ed3e394bb3cbebb55a1ea975a1ed450', NULL, '2025-10-15 16:50:08', '2025-10-15 16:50:08'),
  ('eb0670f9-a9be-11f0-afdd-005056c00001', 'eb066fd4-a9be-11f0-afdd-005056c00001', 'employee', 'Sarah Johnson', '1990123456781', 'sarah.johnson@clinic.com', 'Female', '1990-05-15', 'eb067079-a9be-11f0-afdd-005056c00001', '82b6314e99311ded1792a20c3dbfd040d644382846394d3b7cc77e6d1d0ec12a', NULL, '2025-10-15 17:33:10', '2025-10-15 17:33:10');

SET FOREIGN_KEY_CHECKS=1;
